
Ticker	Blm Ticker	Sec Name	GIC Industry	HQ Country	HQ State	HQ City	HQ Zipcode
							
DIBS	DIBS US	1STDIBS.COM INC               SEDOL BNNTVV2	Internet & Direct Marketing Retail	United States	New York	New York	10003
ADBE	ADBE US	ADOBE INC                     SEDOL 2008154	Software	United States	California	San Jose	95110
AES	AES US	AES CORP                      SEDOL 2002479	Independent Power and Renewable Electricity Producers	United States	Viriginia	Arlington	22203
GOOGL	GOOGL US	ALPHABET INC-CL A             SEDOL BYVY8G0	Interactive Media & Services	United States	California	Mountain View	94043
AMZN	AMZN US	AMAZON.COM INC                SEDOL 2000019	Internet & Direct Marketing Retail	United States	Washington	Seattle	98109
AEE	AEE US	AMEREN CORPORATION            SEDOL 2050832	Multi Utilities	United States	Missouri	St. Louis	63103
AMT	AMT US	AMERICAN TOWER CORP           SEDOL B7FBFL2	Real Estate Investment Trusts (REITs)	United States	Massachusetts	Boston	02116
AMGN	AMGN US	AMGEN INC                     SEDOL 2023607	Biotechnology	United States	California	Thousand Oaks	91320
AAPL	AAPL US	APPLE INC                     SEDOL 2046251	Technology Hardware, Storage & Peripherals	United States	California	Cupertino	95014
AMAT	AMAT US	APPLIED MATERIALS INC         SEDOL 2046552	Semiconductors & Semiconductor Equipment	United States	California	Santa Clara	95054
ASML	ASML US	ASML HOLDING NV-NY REG SHS    SEDOL B908F01	Semiconductors & Semiconductor Equipment	Netherlands		Veldhoven	
AVY	AVY US	AVERY DENNISON CORP           SEDOL 2066408	Containers & Packaging	United States	California	Glendale	91203
AXAF.PA	CS FP	AXA SA                        SEDOL 7088429	Insurance	France		Paris	
AZEK	AZEK US	AZEK CO INC/THE               SEDOL BKPVG43	Building Products	United States	Illinois	Chicago	60607
BLL	BLL US	BALL CORP                     SEDOL 2073022	Containers & Packaging	United States	Colorado	Westminster	80021
BAC	BAC US	BANK OF AMERICA CORP          SEDOL 2295677	Banks	United States	North Carolina	Charlotte	28255
BAX	BAX US	BAXTER INTERNATIONAL INC      SEDOL 2085102	Health Care Equipment & Supplies	United States	Illinois	Dearfield	60015
BIO	BIO US	BIO-RAD LABORATORIES-A        SEDOL 2098508	Life Sciences Tools & Services	United States	California	Hercules	94547
BLK	BLK US	BLACKROCK INC                 SEDOL 2494504	Capital Markets	United States	New York	New York	10055
BXP	BXP US	BOSTON PROPERTIES INC         SEDOL 2019479	Real Estate Investment Trusts (REITs)	United States	Massachusetts	Boston	02199
BMBL	BMBL US	BUMBLE INC-A                  SEDOL BMZ2WT7	Interactive Media & Services	United States	Texas	Austin	78756
CDAY	CDAY US	CERIDIAN HCM HOLDING INC      SEDOL BFX1V56	Software	United States	Minnesota	Minneapolis	55425
CHGG	CHGG US	CHEGG INC                     SEDOL BG6N6K6	Diversified Consumer Services	United States	California	Santa Clara	95054
CMG	CMG US	CHIPOTLE MEXICAN GRILL INC    SEDOL B0X7DZ3	Hotels, Restaurants & Leisure	United States	California	Newport Beach	92660
COO	COO US	COOPER COS INC/THE            SEDOL 2222631	Health Care Equipment & Supplies	United States	California	San Ramon	94583
CREE	CREE US	CREE INC                      SEDOL 2232351	Semiconductors & Semiconductor Equipment	United States	North Carolina	Durham	27703
CRWD	CRWD US	CROWDSTRIKE HOLDINGS INC - A  SEDOL BJJP138	Software	United States	California	Sunnyvale	94086
CVS	CVS US	CVS HEALTH CORP               SEDOL 2577609	Health Care Providers & Services	United States	Rhode Island	Woonsocket	02895
DHR	DHR US	DANAHER CORP                  SEDOL 2250870	Health Care Equipment & Supplies	United States	Washington	Suite 800W	20037
DE	DE US	DEERE & CO                    SEDOL 2261203	Machinery	United States	Illinois	Moline	61265
DXCM	DXCM US	DEXCOM INC                    SEDOL B0796X4	Health Care Equipment & Supplies	United States	California	San Diego	92121
DSEY	DSEY US	DIVERSEY HOLDINGS LTD         SEDOL BNTJ2L3	Chemicals	United States	South Carolina	Fort Mill	29708
DOCU	DOCU US	DOCUSIGN INC                  SEDOL BFYT7B7	Software	United States	California	San Francisco	94105
DT	DT US	DYNATRACE INC                 SEDOL BJV2RD9	Software	United States	Massachusetts	Waltham	02451
ECL	ECL US	ECOLAB INC                    SEDOL 2304227	Chemicals	United States	Minnesota	Saint Paul	55102
EW	EW US	EDWARDS LIFESCIENCES CORP     SEDOL 2567116	Health Care Equipment & Supplies	United States	California	Irwine	92614
LLY	LLY US	ELI LILLY & CO                SEDOL 2516152	Pharmaceuticals	United States	Indiana	Indianapolis	46285
ETSY	ETSY US	ETSY INC                      SEDOL BWTN5N1	Internet & Direct Marketing Retail	United States	New York	Brooklyn	11201
EURA.PA	RF FP	EURAZEO SE                    SEDOL 7042395	Diversified Financial Services	France		Paris	
EVBG	EVBG US	EVERBRIDGE INC                SEDOL BYY5ZB4	Software	United States	Massachusetts	Burlington	01803
EXAS	EXAS US	EXACT SCIENCES CORP           SEDOL 2719951	Biotechnology	United States	Wisconsin	Madison	53719
FIS	FIS US	FIDELITY NATIONAL INFO SERV   SEDOL 2769796	IT Services	United States	Florida	Jacksonville	32204
FRC	FRC US	FIRST REPUBLIC BANK/CA        SEDOL B4WHY15	Banks	United States	California	San Francisco	94111
GFL	GFL US	GFL ENVIRONMENTAL INC-SUB VT  SEDOL BKDT650	Commercial Services & Supplies	Canada	Ontario	Vaughan	
GDDY	GDDY US	GODADDY INC - CLASS A         SEDOL BWFRFC6	IT Services	United States	Arizona	Tempe	85284
GDRX	GDRX US	GOODRX HOLDINGS INC-CLASS A   SEDOL BMTVQT8	Health Care Technology	United States	California	Santa Monica	90404
HASI	HASI US	HANNON ARMSTRONG SUSTAINABLE  SEDOL B9HHD96	Mortgage Real Estate Investment Trusts (REITs)	United States	Maryland	Annapolis	21401
HAS	HAS US	HASBRO INC                    SEDOL 2414580	Leisure Product	United States	Rhode Island	Pawtucket	02861
HQY	HQY US	HEALTHEQUITY INC              SEDOL BP8XZL1	Health Care Providers & Services	United States	Utah	Draper	84020
HEIN.AS	HEIA NA	HEINEKEN NV                   SEDOL 7792559	Beverages	Netherlands		Amsterdam	
MLHR	MLHR US	HERMAN MILLER INC             SEDOL 2594222	Commercial Services & Supplies	United States	Michigan	Zeeland	49464
HLT	HLT US	HILTON WORLDWIDE HOLDINGS IN  SEDOL BYVMW06	Hotels, Restaurants & Leisure	United States	Virginia	Mclean	22102
HOLX	HOLX US	HOLOGIC INC                   SEDOL 2433530	Health Care Equipment & Supplies	United States	Massachusetts	Marlborough	01752
HD	HD US	HOME DEPOT INC                SEDOL 2434209	Specialty Retail	United States	Georgia	Atlanta	30339
HON	HON US	HONEYWELL INTERNATIONAL INC   SEDOL 2020459	Industrial Conglomerates	United States	North Carolina	Charlotte	28202
IDXX	IDXX US	IDEXX LABORATORIES INC        SEDOL 2459202	Health Care Equipment & Supplies	United States	Maine	Westbrook	04092
NGVT	NGVT US	INGEVITY CORP           SEDOL BD4LHG4	Chemicals	United States	South Carolina	North Charleston	29405
PODD	PODD US	INSULET CORP                  SEDOL B1XGNW4	Health Care Equipment & Supplies	United States	Massachusetts	Acton	01720
JCI	JCI US	JOHNSON CONTROLS INTERNATION  SEDOL BY7QL61	Building Products	Ireland		Cork	
KKR	KKR US	KKR & CO INC                  SEDOL BG1FRR1	Capital Markets	United States	New York	Hudson Yards	10001
DSMN.AS	DSM NA	KONINKLIJKE DSM NV            SEDOL B0HZL93	Chemicals	Netherlands		Heerlen	
LSF	LSF US	LAIRD SUPERFOOD INC           SEDOL BN2BDY6	Food Products	United States	Oregon	Sisters	97759
LEVI	LEVI US	LEVI STRAUSS & CO- CLASS A    SEDOL BHRWS81	Textiles, Apparel & Luxury Goods	United States	California	San Francisco	94111
LBTYK	LBTYK US	LIBERTY GLOBAL PLC- C         SEDOL B8W67B1	Diversified Telecommunication Services	United Kingdom		London	
LSPD	LSPD US	LIGHTSPEED POS INC-SUB VOTE   SEDOL BJM05V6	Software	Canada		Montreal	
LIN	LIN US	LINDE PLC                     SEDOL BZ12WP8	Chemicals	United States	Connecticut	Danbury	06810
LULU	LULU US	LULULEMON ATHLETICA INC       SEDOL B23FN39	Textiles, Apparel & Luxury Goods	Canada		Vancouver	
LYFT	LYFT US	LYFT INC-A                    SEDOL BJT1RW7	Road & Rail	United States	California	San Francisco	94107
MA	MA US	MASTERCARD INC - A            SEDOL B121557	IT Services	United States	New York	Purchase	10577
MKC	MKC US	MCCORMICK & CO-NON VTG SHRS   SEDOL 2550161	Food Products	United States	Maryland	Hunt Valley	21031
MDT	MDT US	MEDTRONIC PLC                 SEDOL BTN1Y11	Health Care Equipment & Supplies	Ireland		Dublin	
MRK	MRK US	MERCK & CO. INC.              SEDOL 2778844	Pharmaceuticals	United States	New Jersey	Kenilworth	07033
MLAB	MLAB US	MESA LABORATORIES INC         SEDOL 2553814	Health Care Equipment & Supplies	United States	Colarado	Lakewood	80228
MSFT	MSFT US	MICROSOFT CORP                SEDOL 2588173	Software	United States	Washington	Redmont	98052
MSCI	MSCI US	MSCI INC                      SEDOL B2972D2	Capital Markets	United States	Ohio	Dayton	45429
NVRO	NVRO US	NEVRO CORP                    SEDOL BS7K7C9	Health Care Equipment & Supplies	United States	California	Redwood City	94065
NEE	NEE US	NEXTERA ENERGY INC            SEDOL 2328915	Electric Utilities	United States	Florida	Juno Beach	33408
NOMD	NOMD US	NOMAD FOODS LTD               SEDOL BQFJGK5	Food Products	United Kingdom		Feltham	
NZYMB.CO	NZYMB DC	NOVOZYMES A/S-B SHARES        SEDOL B798FW0	Chemicals	Denmark		Bagsverd, Gladsaxe	
NUAN	NUAN US	NUANCE COMMUNICATIONS INC     SEDOL 2402121	Software	United States	Massachusetts	Burlington	01803
NXPI	NXPI US	NXP SEMICONDUCTORS NV         SEDOL B505PN7	Semiconductors & Semiconductor Equipment	Netherlands		Eindhoven	
OKTA	OKTA US	OKTA INC                      SEDOL BDFZSP1	IT Services	United States	California	San Francisco	94105
ON	ON US	ON SEMICONDUCTOR CORP         SEDOL 2583576	Semiconductors & Semiconductor Equipment	United States	Arizona	Phoenix	85008
PINS	PINS US	PINTEREST INC- CLASS A        SEDOL BJ2Z0H2	Interactive Media & Services	United States	California	San Francisco	94107
PRU.L	PRU LN	PRUDENTIAL PLC                SEDOL 0709954	Insurance	United States	New Jersey	Newark	07102
REGN	REGN US	REGENERON PHARMACEUTICALS     SEDOL 2730190	Biotechnology	United States	New York	Tarrytown	10591
RMD	RMD US	RESMED INC                    SEDOL 2732903	Health Care Equipment & Supplies	United States	California	San Diego	92123
RNG	RNG US	RINGCENTRAL INC-CLASS A       SEDOL BDZCRX3	Software	United States	California	Belmont	94002
ROP	ROP US	ROPER TECHNOLOGIES INC        SEDOL 2749602	Industrial Conglomerates	United States	Florida	Sarasota	34240
SGEN	SGEN US	SEAGEN INC                    SEDOL BLPK4D2	Biotechnology	United States	Washington	Bothell	98021
SHOP	SHOP US	SHOPIFY INC - CLASS A         SEDOL BXDZ9Z0	IT Services	Canada	Ontario	Ottawa	
PVTG8354H902		Ginko Bio	Diversified Financial Services	United States	Massachusetts	Boston	
SWK	SWK US	STANLEY BLACK & DECKER INC    SEDOL B3Q2FJ4	Machinery	United States	Connecticut	New Britain	06053
SFIX	SFIX US	STITCH FIX INC-CLASS A        SEDOL BF3FPW3	Internet & Direct Marketing Retail	United States	California	San Francisco	94104
RUN	RUN US	SUNRUN INC                    SEDOL BYXB1Y8	Electrical Equipment	United States	California	San Francisco	94104
TGT	TGT US	TARGET CORP                   SEDOL 2259101	Multiline Retail	United States	Minnesota	Minneapolis	55403
TDOC	TDOC US	TELADOC HEALTH INC            SEDOL BYQRFY1	Health Care Technology	United States	New York	Purchase	10577
TMO	TMO US	THERMO FISHER SCIENTIFIC INC  SEDOL 2886907	Life Sciences Tools & Services	United States	Massachusetts	Waltham	02451
TDUP	TDUP US	THREDUP INC - CLASS A         SEDOL BMFPHK2	Internet & Direct Marketing Retail	United States	California	Oakland	94607
TREX	TREX US	TREX COMPANY INC              SEDOL 2483074	Building Products	United States	Virginia	Winchester	22603
ULVR.AS	UNA NA	UNILEVER PLC                  SEDOL BLRB262	Personal Products	United Kingdom		London	
UNP	UNP US	UNION PACIFIC CORP            SEDOL 2914734	Road & Rail	United States	Nebraska	Omaha	68179
URI	URI US	UNITED RENTALS INC            SEDOL 2134781	Trading Companies & Distributors	United States	Connecticut	Stamford	06902
MTN	MTN US	VAIL RESORTS INC              SEDOL 2954194	Hotels, Restaurants & Leisure	United States	Colorado	Broomfield	80021
VRRM	VRRM US	VERRA MOBILITY CORP           SEDOL BFXX5X8	Software	United States	Arizona	Mesa	85201
VRTX	VRTX US	VERTEX PHARMACEUTICALS INC    SEDOL 2931034	Biotechnology	United States	Massachusetts	Boston	02210
V	V US	VISA INC-CLASS A SHARES       SEDOL B2PZN04	IT Services	United States	California	San Francisco	94128
WMT	WMT US	WALMART INC                   SEDOL 2936921	Food & Staples Retailing	United States	Arkansas	Bentonville	72716
DIS	DIS US	WALT DISNEY CO/THE            SEDOL 2270726	Entertainment	United States	California	Burbank	91521
WW	WW US	WW INTERNATIONAL INC          SEDOL BK71LY6	Diversified Consumer Services	United States	New York	New York	10010
ZBRA	ZBRA US	ZEBRA TECHNOLOGIES CORP-CL A  SEDOL 2989356	Electronic Equipment, Instruments & Components	United States	Illinois	Lincolnshire	60069
ZTS	ZTS US	ZOETIS INC                    SEDOL B95WG16	Pharmaceuticals	United States	New Jersey	Parsippany	07054
ZY	ZY US	ZYMERGEN INC                  SEDOL BMF1M49	Chemicals	United States	California	Emeryville	94608
